,Channel_Name,Language,Tags,Last Played Game,Game ID,Count
0,alelu,ja,"['日本語', 'apex', '雑談']",Apex Legends,511224,13509
1,alanzoka,pt,"['Idoso', 'Gostoso', 'Português']",Just Chatting,509658,201431
2,alenenwooptv,ko,['한국어'],Just Chatting,509658,9914
3,alexelcapo,es,['Español'],Special Events,509663,93758
4,aminematue,fr,['Français'],Just Chatting,509658,52468
5,anny,en,"['vtuber', 'forsen', 'depression', 'anime', 'gayge', 'PoroSad', 'English']",Just Chatting,509658,16146
6,95pingman,ko,['한국어'],Just Chatting,509658,16019
7,aimdll__,tr,['Türkçe'],VALORANT,516575,29066
8,al3od,ar,['Arabic'],Just Chatting,509658,9589
9,alberee,es,alberee,Crypto,499634,8545
10,apexerpinky,ja,"['日本語', 'ApexLegens', 'pinky', 'GHS', 'VALORONAT']",Apex Legends,511224,3971
11,ao_o5,ko,['한국어'],Just Chatting,509658,10572
12,animal_n01,it,"['grandtheftauto', 'fps', 'aziz', 'red', 'rossi', 'Italiano', 'Albania', 'Albanian', 'albanese']",Grand Theft Auto V,32982,6467
13,aba4647,ko,"['훈수금지', '한국어']",League of Legends,21779,51625
14,8cho,es,8cho,Just Chatting,509658,81464
15,9ambler,ko,"['한국어', '드롭활성화됨']",9ambler,9ambler,12717
16,a541021,zh,['中文'],Grand Fantasia: Origin,2033059445,19515
17,andreadel1988,it,"['Italiano', 'reactions']",The Bathhouse Restored Edition,1596433827,30121
18,absoluttlol,pt,"['Português', 'Portuguese', 'LoL', 'English', 'ADCARRY', 'ADC', 'Absolut', 'Challenger']",Counter-Strike,32399,8096
19,adeptthebest,en,"['English', 'AI', 'AIGF', 'girlsgaysntheys', 'News', 'drama', 'AIWIFE', 'WIFE']",Counter-Strike,32399,35443
20,9impulse,ru,['Русский'],The Witcher 3: Wild Hunt,115977,14396
21,alfrea,ja,"['ネタバレ禁止', 'アドバイス禁止', '日本語']",League of Legends,21779,10173
22,aimsey,en,"['English', 'Aimsey', 'ILoveAttackOnTitan', 'AdventureTime']",Until Then,1174671315,33049
23,109ace,ko,['한국어'],Hearthstone,138585,30832
24,acro_land,ko,['한국어'],Last Epoch,503932,4419
25,2chamcham2,ko,['한국어'],Minecraft,27471,42002
26,aceu,en,"['buh', 'English']",Black Myth: Wukong,519291,161479
27,actingliketommy,en,"['news', 'politics', 'PoliticalPunk', 'englìsh', 'GamerRage', 'Ally', 'ActingLikeTommy', 'English']",Just Chatting,509658,18219
28,airshowerse,ko,['한국어'],Just Chatting,509658,4011
29,albislol,zh,"['中文', 'SF6', 'Rashid', 'ストリートファイター6']",Path of Exile,29307,6530
30,agurin,en,"['Deutsch', 'English']",League of Legends,21779,37156
31,aircool,en,"['English', 'IRL', 'irlstream']",Slots,498566,13019
32,ajehr,ko,['한국어'],Just Chatting,509658,23762
33,allkeyshop_tv,en,"['English', 'Español', 'francais', 'korean', 'Rerun']",TopSpin 2K25,145906249,1685
34,39daph,en,"['Guam', 'Evil', 'Unhygienic', 'Unholy', 'English', 'Geriatric', 'Deceptive']",Black Myth: Wukong,519291,85168
35,bebe872,en,"['English', 'Challenger', 'RANK1', 'Blue', 'Dragon', 'Playstyle']",DARK SOULS III,490292,9092
36,bbonge_,ko,['한국어'],Just Chatting,509658,19422
37,bighead033,ko,"['한국어', '드롭활성화됨']",Escape from Tarkov,491931,11136
38,blackelespanolito,es,"['Español', 'valorant', 'ValorantES', 'counterstrike', 'counterstrike2', 'CS2', 'DropsActivados']",Spectre Divide,1451084268,43570
39,bigdumbgaming,en,['English'],World of Warcraft,18122,17
40,aspiringspike,en,['English'],Magic: The Gathering,2748,11192
41,bamow,zh,['中文'],Supermarket Together,942317893,7452
42,aypierre,fr,"['minecraft', 'redstone', 'urssaf', 'Hardcore', 'Français', 'SurvivaI', 'gaming', 'gestion']",Special Events,509663,27138
43,belvid,es,['Español'],Fortnite,33214,9605
44,bananabrea,en,['English'],VALORANT,516575,30264
45,awesamdude,en,"['English', 'awesamdude']",VALORANT,516575,1926
46,bbbb87,zh,['中文'],Just Chatting,509658,30558
47,berkriptepe,tr,"['Türkçe', 'cs', 'cs2']",Counter-Strike,32399,22120
48,aroyitt,es,"['aroyitt', 'Español']",Just Chatting,509658,21142
49,benjyfishy,en,"['Valorant', 'Competitive', 'Radiant', 'English']",VALORANT,516575,61572
50,blanchitooo,es,"['Español', 'charlando']",Music,26936,10957
51,beryl_lulu,zh,['中文'],Just Chatting,509658,35184
52,auronplay,es,"['Auron', 'Español']",Just Chatting,509658,905978
53,biyin_,es,"['Español', 'Biyin', 'Simulator', 'DropsActivados']",Rust,263490,162661
54,artesianbuilds,en,"['HardMode', 'PCBuilding', 'VisualASMR']",Just Chatting,509658,17187
55,baedony,ko,['한국어'],baedony,baedony,8087
56,bebelolz,zh,"['中文', 'ADCARRY']",League of Legends,21779,22100
57,bking0921,ko,['한국어'],Lost Ark,490100,6121
58,awfdota,ru,"['Украина', 'Englishsometimes', 'Суржик', 'Русский', 'English']",Dota 2,29595,20704
59,bateson87,en,"['football', 'fifa', 'bald', 'soccer', 'beard', 'English']",EA Sports FC 24,143106037,79562
60,cheatbanned,ru,"['читбаннед', 'cheatbanned', 'Русский', 'общение', 'саморазвитие', 'психология', 'dota', 'дота', 'кс', 'cs']",Dota 2,29595,42278
61,blusewilly_retry,zh,"['可以出一張鈔票', '中文']",Black Myth: Wukong,519291,45976
62,chefstrobel,de,['Deutsch'],League of Legends,21779,23387
63,calango,pt,"['caloteiro', 'papaizinho', 'carecas', 'Português']",Just Chatting,509658,35451
64,casimito,pt,['Português'],Sports,518203,198925
65,borraskka,es,"['Español', 'Cod', 'Callofduty', 'Warzone', 'Warzone2', 'Chicagamer', 'Competitivo', 'CallofdutyWarzone', 'mw3']",Black Myth: Wukong,519291,13585
66,c9judite,pt,"['englIsh', 'spanish', 'Português']",OUTERPLANE,960093960,9938
67,cdewx,en,['English'],World of Warcraft,18122,26150
68,butterflyouo,zh,"['中文', '日本語勉強中']",League of Legends,21779,17895
69,boltz,pt,['Português'],Counter-Strike,32399,13411
70,buster,ru,"['Русский', 'buster', 'бустер', 'Бустеренко']",Counter-Strike,32399,148050
71,cashmeow,en,"['Tokyo', 'Japan', 'LGBTQ', 'IRL', 'jew', 'Anime', 'Outdoors', 'Travel', 'Dad', 'Comedy']",Just Chatting,509658,5281
72,boxbox,en,"['Pog', 'FLUSH', 'Madge', 'Tall', 'eatsannoyingviewers', 'English']",Teamfight Tactics,513143,81417
73,breeze0920,zh,"['台服第一', '中文', '傳奇陪玩', '絕區零', '掉寶', '启用掉宝']",Zenless Zone Zero,456845141,6333
74,bratiki94,ru,"['Русский', 'bratiki94']",Just Chatting,509658,41374
75,brycent,en,['English'],Black Myth: Wukong,519291,8643
76,bokoen,en,['English'],Crusader Kings III,514888,12219
77,brothers_baseball,zh,"['運動', '棒球', '中信兄弟', '中文']",Sports,518203,27307
78,buckefps,en,['English'],Fortnite,33214,15779
79,c0ker,es,"['Español', 'Slots', 'ToshiGang']",Just Chatting,509658,16856
80,bmkibler,en,['English'],Hearthstone,138585,14870
81,bnans,en,"['click', 'this', 'stream', 'if', 'you', 'want', 'to', 'live', 'English']",Just Chatting,509658,66480
82,bobqinxd,en,"['leblanc', 'vibing', 'TeamLiquid', 'challenger', 'English', 'Educational', 'chill', 'positive', 'depression']",League of Legends,21779,18970
83,brasilfpss,pt,['Português'],Just Chatting,509658,42404
84,carry_game,zh,['中文'],One Piece Card Game Tutorial,418410192,40348
85,ch1ckenkun,ko,"['치킨쿤', '한국어', '보해', '드롭활성화됨', '日本語']",Apex Legends,511224,20260
86,bt0tv,pt,['Português'],Counter-Strike,32399,97936
87,btssmash,en,"['Esports', 'English']",Super Smash Bros. Melee,16282,61840
88,buddha,en,"['English', 'DropsEnabled']",Rust,263490,130431
89,chusommontero,es,"['mondongo', 'reto', 'tdah', 'darksouls', 'cmelman', 'pokemon', 'pokemonVGC', 'eldenring', 'Español']",Pokémon Scarlet/Violet,670867987,23636
90,chloee_fitgamer,fr,['Français'],Just Chatting,509658,2705
91,crazyfacetw,zh,"['Taiwan', '中文']",Just Chatting,509658,14336
92,dakotaz,en,"['fortnite', 'solo', 'english', 'depressed', 'pessimist', 'surviving', 'English']",Fortnite,33214,18174
93,d_obby,ko,['한국어'],Palworld,1036710512,179
94,chiawei1031tv,zh,"['中文', '職業選手', '小丑', '黑']",PUBG: BATTLEGROUNDS,493057,14331
95,crazzyccat,ko,['한국어'],League of Legends,21779,15184
96,crokeyz,en,['English'],Magic: The Gathering,2748,23052
97,collet11,ko,['한국어'],Just Chatting,509658,17578
98,crouching_tuna,en,['English'],Path of Exile,29307,5968
99,chess24,en,"['English', 'chess', 'Esports', 'Strategy', 'Action', 'sports', 'Multiplayer', 'IRL']",Chess,743,15077
100,cyr,en,"['Adopted', 'LEFTHANDED', 'OTK', 'WINNER', 'FromOhio', 'English', 'Christain', 'Pagan']",Just Chatting,509658,49960
101,cooldog0725,zh,"['觀眾同樂', '健身', '觀眾同刷', '中文', '寶運百分百', '挑戰極限']",ELDEN RING,512953,3760
102,dahmien7,fr,"['Français', 'chill', 'English']",Escape from Tarkov,491931,5639
103,coscu,es,"['Español', 'irl', 'podcast', 'programacion', 'deporte', 'espn', 'messi']",Just Chatting,509658,146939
104,cloakzy,en,"['Cloakzy', 'English']",Call of Duty: Warzone,512710,86713
105,daltoosh,en,['English'],Apex Legends,511224,76936
106,cherrypach,ko,"['꽃핀', '꼬꼬핀', '한국어', 'song']",Just Chatting,509658,26308
107,chessbrah,en,"['ADHD', 'Canada', 'Techno', 'Chess', 'English', 'Educational', 'spanish', 'Autism']",Chess,743,23752
108,cidcidoso,pt,"['IRL', 'RealityShows', 'Português', 'react']",Just Chatting,509658,27141
109,curvyelephant,en,['English'],Grand Theft Auto V,32982,11790
110,dawnhs,ko,"['하스스톤', '한국어']",Hearthstone,138585,4760
111,clutch_fii,ja,['日本語'],Pawafuru Puro Yakyuu 2024-2025,1183847148,11343
112,cristianghost,es,"['Español', 'Chile', 'TDAH']",Just Chatting,509658,3557
113,dasoku_aniki,ja,"['日本語', '雑談']",Just Chatting,509658,29337
114,chen810830,zh,['中文'],Just Chatting,509658,16353
115,chesscomfr,fr,"['Esport', 'Chess', 'Blitzstream', 'Echecs', 'Français', 'Chesscom', 'Alireza', 'SpeedChessChampionship', 'MagnusCarlsen']",Chess,743,292
116,chodan_,ko,"['댄스', 'Sing', '한국어']",Just Chatting,509658,15870
117,chowh1,fr,"['Français', 'warzone', 'roi']",Call of Duty: Warzone,512710,107402
118,coldzin,pt,['Português'],Counter-Strike,32399,18483
119,danoc0,pt,['Português'],Counter-Strike,32399,7405
120,dapr,en,"['ADHD', 'English']",Dark and Darker,2009321156,63434
121,dafran,en,"['English', 'DropsEnabled']",Overwatch 2,515025,9492
122,ddahyoni,ko,"['한국어', '실력방송', '고수']",Just Chatting,509658,47364
123,dinablin,ru,['Русский'],Just Chatting,509658,23641
124,dogswellfish,ko,"['FirstPlaythrough', 'Korea', '한국어']",Just Chatting,509658,26455
125,dubudota,en,['English'],Dota 2,29595,39
126,des0ut,ru,"['Русский', 'киберспорт', 'умом']",Just Chatting,509658,23818
127,detonator_robin,ja,['日本語'],Street Fighter 6,55453844,12892
128,dkwl025,ko,['한국어'],Just Chatting,509658,10606
129,eliasn97,de,['Deutsch'],Just Chatting,509658,221534
130,dua3362,ko,['한국어'],Just Chatting,509658,8484
131,ekatze007,ru,"['ekatze007', 'ekatze', 'Русский']",Just Chatting,509658,26049
132,dda_ju,ko,['한국어'],dda_ju,dda_ju,41832
133,deercheerup,pt,"['csgo', 'GTARP', 'Português', 'IRL', 'prata', 'Reposição']",EA Sports FC 24,143106037,52542
134,demonzz1,pl,['Polski'],Escape from Tarkov,491931,8915
135,dogdog,en,['English'],Hearthstone,138585,79892
136,edopeh,de,['Deutsch'],7 Days to Die,271304,9699
137,dnd,en,['English'],Dungeons & Dragons,509577,4571
138,deyyszn,en,['English'],Fortnite,33214,31310
139,dmdtkadl69,ko,['한국어'],dmdtkadl69,dmdtkadl69,5525
140,dmf_kyochan,ja,"['日本語', '恭一郎', 'デブ', 'ファーム']",MOTHER 3,2124779413,26374
141,ds_lily,en,"['Beef', 'NoSleep', 'Blasting', 'Stalling', 'English', 'Hardcore', 'DropsEnabled']",Path of Exile,29307,19847
142,eazykee,hu,"['Magyar', 'GTAⅤ', 'gtavrproleplay', 'Travel', 'gta', 'justchatting', 'szerencsejáték', 'gambling']",I'm Only Sleeping,498592,4426
143,edenitoo,pl,"['Polski', 'NoPixel', 'owo', 'English', 'DropyWłączone']",Spectre Divide,1451084268,10819
144,elded,es,['Español'],Just Chatting,509658,106443
145,dreamwastaken,en,['English'],Minecraft,27471,21091
146,dish,en,"['froggy', 'Woman', 'English', 'Comfy', 'drops', 'Gacha']",Special Events,509663,19980
147,dmt_tv,th,"['ไทย', 'ภาษาไทย']",Ragnarok X: Next Generation,431371739,5451
148,dopa24,ko,"['도파', '실력방송', '한국어']",Just Chatting,509658,21094
149,eduardo_hook,en,"['English', 'Vtuber']",Just Chatting,509658,9930
150,elwycco,ru,['Русский'],RimWorld,394568,20757
151,flurry1989,ko,['한국어'],Just Chatting,509658,25748
152,firedragon,en,['English'],Cat Quest III,319442930,5718
153,fasoollka,ru,"['Русский', 'чат', 'беседа', 'шоу', 'фасолька', '150см', 'разговоры', 'игры', '39кгМышц']",Just Chatting,509658,18171
154,emilyywang,en,"['FUTUREWORLDSWINNER', 'FUTURERANK1', 'COMPETITIVE', 'English', 'Chinese中文']",Just Chatting,509658,25155
155,evaanna,en,"['girl', 'women', 'IRL', 'Outdoors', 'fitness', 'Cosplay', 'English', 'Russian', 'Türkçe', 'VisualASMR']",Just Chatting,509658,43714
156,failverde,zh,"['中文', '抽卡不歪', '訂閱免廣告', '启用掉宝']",Zenless Zone Zero,456845141,23249
157,fares_salvatoree,fr,['Français'],Fortnite,33214,7492
158,es4xtank,ru,"['csgo', 'Победитель', 'тигр', 'Шоу', 'Турниры', 'Киберспорт', 'ДЕД', 'ТОП', 'Русский', 'интересный']",Counter-Strike,32399,8234
159,flamuu,en,"['English', 'Drops']",Special Events,509663,14250
160,fl0m,en,"['BEARD', 'Washed', 'Pro', 'CONTENT', 'FAT', 'NotFat', 'NOTlate', 'SwoleDaddy', 'English']",Counter-Strike,32399,26241
161,flamekr,ko,"['프로게이머', '호감형', '한국어', 'HPOMEN']",Just Chatting,509658,17944
162,et_1231,zh,['中文'],Just Chatting,509658,44551
163,enzzai,ru,"['Русский', 'Кудрявый', 'Мама', 'Папа', 'Я', 'Веселая', 'Семья', 'TogetherForGood', 'Благотворительность']",Just Chatting,509658,9148
164,falgwang,ko,"['도적', '귀마개', '와우', '한국어']",World of Warcraft,18122,5012
165,erobb221,en,['English'],Dee's Nuts,1596835096,30843
166,elxokas,es,['Español'],Black Myth: Wukong,519291,357511
167,elreyguiri_f1,es,"['Español', 'Formula1', 'elreyguiri', 'f124', 'f12024', 'gpespaña']",F1 24,627798963,7446
168,fifakillvizualz,en,['English'],Call of Duty: Warzone,512710,28778
169,ethos,en,"['fps', 'valorant', 'english', 'competitive', 'ranked', 'English', 'DropsEnabled']",Spectre Divide,1451084268,38028
170,fobm4ster,en,['English'],Black Myth: Wukong,519291,27254
171,elweroking,es,"['Español', 'Vtuber', 'brawlstars']",ROBLOX,23020,476
172,fcsm_kefir,ru,"['Fifa', 'Русский']",EA Sports FC 24,143106037,7468
173,fritterus,ru,"['Hearthstone', 'Battlegrounds', 'ПоляСражений', 'Умом', 'Русский', 'English']",Hearthstone,138585,11013
174,godjj,zh,"['中文', '启用掉宝']",Honkai: Star Rail,213930085,33151
175,gongparipa,ko,['한국어'],Just Chatting,509658,26324
176,follentass,ru,['Русский'],Just Chatting,509658,19498
177,grafo,es,['Español'],League of Legends,21779,42512
178,freyzplayz,en,['English'],Just Chatting,509658,8006
179,freemok2,ru,"['Englísh', 'Русский', 'Українська']",Casino Simulator,1506110656,18298
180,gafallen,pt,"['trybe', 'Português']",Counter-Strike,32399,35814
181,ghazzytv,en,"['english', 'educational', 'Guide', 'drops', 'entertainment', 'fun', 'chill', 'English', 'Teaching']",Path of Exile,29307,15316
182,fps_shaka,ja,"['日本語', 'ネタバレ禁止', 'ネタバレ注意', '大会のネタバレ禁止', '匂わせしないで', '聞いたら教えて']",FINAL FANTASY XIV ONLINE,24241,201687
183,gamergirl,en,['English'],League of Legends,21779,15249
184,genius_mad,ko,['한국어'],Path of Exile,29307,5248
185,fuji720x,en,"['English', 'Football', 'eafc24']",EA Sports FC 24,143106037,10550
186,gearbaby1010,zh,"['主打技術', '顏值還行', '中文', '棋靈王']",Teamfight Tactics,513143,39198
187,ggbb528,zh,"['中文', 'English', '한국어', '訂閱免廣告', '日文']",League of Legends,21779,12456
188,forsen,en,['English'],Black Myth: Wukong,519291,124294
189,frttt,pt,"['Português', 'valorant', 'fps']",Black Myth: Wukong,519291,49384
190,gratis150ml,pt,"['Gratis', 'LOL', 'Português', 'RPG', 'pilates', 'wow', 'Tibia', 'Ravendawn']",Mechabellum,515881069,40735
191,generalqw,ru,"['дофаминовыекачели', 'Украина', 'Русский']",Casino Simulator,1506110656,23323
192,gskianto,it,['Italiano'],I'm Only Sleeping,498592,40118
193,fuslie,en,['English'],fuslie,fuslie,53098
194,gonsabellla,es,['Español'],IRL,509672,16912
195,fr_zod,fr,fr_zod,Just Chatting,509658,4056
196,grenbaud,it,"['Cabaret', 'Improvvisazione', 'Pectus', 'Stempia', 'Italiano']",Just Chatting,509658,56444
197,gamersclubcs,pt,"['Esports', 'Português']",Counter-Strike,32399,3824
198,fragolaqt,it,"['challenger', 'Italiano']",League of Legends,21779,11293
199,goncho,es,['Español'],Just Chatting,509658,77285
200,franchiseglobalart,zh,franchiseglobalart,Just Chatting,509658,7342
201,haxxnini,ko,['한국어'],Just Chatting,509658,26015
202,iltw1,ru,['Русский'],Dota 2,29595,12133
203,hyren7,ko,['한국어'],Just Chatting,509658,5602
204,h920103,ko,['한국어'],Minecraft,27471,11582
205,guanweiboy,zh,['中文'],League of Legends,21779,34661
206,guit88man,ru,"['Русский', 'caliberdrops']",Project MALLOW,1363386179,21492
207,harbleu,en,"['English', 'DropsEnabled']",Overwatch 2,515025,13434
208,hejin0_0,ko,['한국어'],Just Chatting,509658,15993
209,hekokitaiworld,ja,['日本語'],Pawafuru Puro Yakyuu 2024-2025,1183847148,4671
210,gustavocsgoyt,es,"['roleplay', 'gustavocsgo', 'Gustavo', 'RP', 'GTAV', 'serversrp', 'Español', 'Bellum']",Grand Theft Auto V,32982,5928
211,h3h3productions,en,['English'],Just Chatting,509658,437
212,idreau_,fr,['Français'],F1 Manager 2024,1863055416,7482
213,imaqtpie,en,['English'],Teamfight Tactics,513143,74687
214,gunguno,zh,"['顏值', '射擊', '幽默', '大談', '中文', '勞工', '錢來就幹', '夾娃娃', '掉宝開启']",Just Chatting,509658,23005
215,holak1337,pl,['Polski'],Just Chatting,509658,34689
216,hastad,pt,"['lol', 'Challenger', 'Português', 'Español', 'Vayne']",League of Legends,21779,18996
217,ibai,es,"['Español', 'IRL', 'Chatting', 'KOI']",ELDEN RING,512953,778341
218,icebergdoto,ru,"['meedorfeed', 'наборформы', 'iceberg', 'based', 'База', 'Русский']",Dota 2,29595,71998
219,imls,en,"['English', '한국어Korean']",League of Legends,21779,4369
220,heyimbee,en,"['English', 'ViewerRewards']",heyimbee,heyimbee,16735
221,iateyourpie,en,"['Comfy', 'Challenge', 'English']",Nancy Drew: Curse of Blackmoor Manor,16394,10635
222,gutitubo,ja,['日本語'],VALORANT,516575,13331
223,hannahxxrose,en,"['hannahxxrose', 'English', 'minecraft', 'Ally', 'Bedwars', 'awesome', 'gaming', 'LifestealSMP', 'lifesteal']",Minecraft,27471,26727
224,hanryang1125,ko,['한국어'],Spelunky,22619,104997
225,iinwafqht,ar,"['NQ', 'MT', 'saudiarabia', 'Arabic', 'arab', 'Nawaf']",Just Chatting,509658,220
226,hatsalsal,ko,"['korean', '한국어', '슬로우스타터']",Super Mario Maker 2,511399,16688
227,hanjoudesu,ja,['日本語'],VALORANT,516575,38758
228,iddqd,en,"['uwu', 'gigachad', 'aimbot', 'FPS', 'English', 'adhd', 'swedish', 'KEKW', 'pro', 'EnhancedBroadcasting']",Overwatch 2,515025,11244
229,handongsuk,ko,['한국어'],Just Chatting,509658,100941
230,ibabyrainbow,en,"['English', 'IRL', 'California']",Just Chatting,509658,26168
231,hipudding1223,zh,"['聰明丁丁', '中文', '台語', '歹意馬欸通']",Mabinogi,20501,7149
232,its_iron,en,"['Iron', 'English', 'Warzone', 'MWIII']",Call of Duty: Warzone,512710,80552
233,jarnoopmeer,en,"['racing', 'f1', 'English']",Call of Duty: Modern Warfare III,1337444628,20778
234,jmjdoc,ko,"['한국어', 'Vtuber', '개튜버']",Just Chatting,509658,8778
235,inkiiing,zh,"['隨你問', '聊天', '小墨', '人妻', '御姊', '貓', '中文']",Just Chatting,509658,9182
236,ipav999,en,"['English', 'Teemo', 'Educational', 'Toplane', 'leagueoflegends', 'Duolingo', 'Starcraft', 'TowerDefence']",StarCraft,11989,20418
237,isamu,pl,"['Aktorstwogłosowe', 'Polski']",Just Chatting,509658,20995
238,jbzzed,fr,['Français'],VALORANT,516575,38125
239,jpctheman_,en,['English'],World of Warcraft,18122,11219
240,imviolet_,it,"['Italiano', 'horrorgames']",Just Chatting,509658,30293
241,johnny3047258,ko,"['한국어', '데빌헌터']",Lost Ark,490100,25152
242,ipproducoes,pt,['Português'],Minecraft,27471,1496
243,ironmouse,en,"['Anime', 'Singing', 'PuertoRico', 'vshojo', 'Latino', 'vtuber', 'English']",Just Chatting,509658,72246
244,japanese_restream,ja,"['日本語', 'Speedrun', 'RTA']",FINAL FANTASY,7689,217
245,jccaylen,en,"['IRL', 'English']",LOCKDOWN Protocol,144418804,4594
246,inseq,ru,['Русский'],Escape from Tarkov,491931,5205
247,jessirocks,de,['Deutsch'],Diablo IV,515024,18457
248,inet_saju,pl,['Polski'],Black Myth: Wukong,519291,9387
249,iskall85,en,"['English', 'minecraft', 'hermitcraft', 'iskall85', 'vaulthunters']",Minecraft,27471,15333
250,itswill,en,"['tomfoolery', 'hijinks', 'wisecracks', 'Evil', 'English', 'Trickster']",Old School RuneScape,459931,12834
251,jielun1215,zh,"['眼鏡噴飛到大海', 'APEX選手最老', '滷味好吃', '史上最恨外掛', '我只是一塊跳墊', '波黑大將軍', 'DROP', '中文']",Lost Ark,490100,6821
252,jongie,zh,"['Taiwan', '中文']",League of Legends,21779,10513
253,jeffnam1129,zh,['中文'],ELDEN RING,512953,5635
254,jorbs,en,"['spire', 'ascension20', 'English', 'boardgame', 'boardgames', 'slaythespire']",Slay the Spire,496902,15376
255,jamezconer,th,"['ไทย', 'ภาษาไทย', 'Rerun']",VALORANT,516575,9302
256,jcorko_,es,"['Español', 'Roleplay']",Just Chatting,509658,5042
257,jinu6734,ko,['한국어'],Just Chatting,509658,34669
258,inecr7024,ko,['한국어'],Just Chatting,509658,8604
259,jdm2088,ko,['한국어'],Just Chatting,509658,36495
260,jimmyconrad,en,jimmyconrad,Sports,518203,1330
261,jeensoff,ru,"['Ukraine', 'Русский']",Black Myth: Wukong,519291,7428
262,juansguarnizo,es,['Español'],Just Chatting,509658,476599
263,kamiyu666,zh,"['恐怖遊戲', '手殘', '醜男', '非主流', '雜魚', '笨蛋', '腦包', '中文']",Games + Demos,66082,6753
264,kragiee,en,['English'],World of Warcraft,18122,19077
265,kr1stw,zh,"['六九大將軍', '沒有興趣', '嚴厲斥責', '天地良心', '嚴肅', '收看此台以獲得更多健康小秘訣', '中文', '陳男請認罪']",Just Chatting,509658,11240
266,kkatamina,en,"['Chill', 'English', 'Comfy']",VALORANT,516575,37964
267,julien,en,"['English', 'rats', 'Ally', 'short', 'Husband', 'ACTUALTRUCKER', 'babysafe', 'soyboy', 'Aries', 'blackbelt']",Fall Guys,512980,19641
268,k1ng,es,['Español'],Fortnite,33214,29389
269,knueppelpaste,de,"['Lehrreich', 'eigentlichganznett', 'Multiplayer', 'Deutsch', 'SEINICHTDUMM', 'IdiotStreamer', 'nichtdeinebitch', 'einfachichselbst', 'PvP']",Escape from Tarkov,491931,8934
270,krawkmc,pt,['Português'],Just Chatting,509658,40
271,klauslol1,pt,['Português'],League of Legends,21779,7341
272,karlnetwork,en,['English'],Squad Busters,788447527,164572
273,kimdduddi,ko,['한국어'],Just Chatting,509658,18813
274,kranichhs,ko,['한국어'],Just Chatting,509658,8207
275,kutcherlol,de,"['hammergeil', 'superintelligent', 'bescheiden', 'Deutsch']",League of Legends,21779,26597
276,kentung,zh,"['白熊幫主', '訂閱支持', '中文', '遊戲玩家']",Lost Ark,490100,22665
277,kinstaar,fr,"['Français', 'DropsActivés']",Apex Legends,511224,10697
278,kiss_850722,zh,['中文'],Just Chatting,509658,8544
279,kurt0411,en,"['football', 'sports', 'kurt0411', 'messi', 'English', 'premierleague', 'championsleague', 'laliga', 'euro2024']",Sports,518203,6115
280,k3soju,en,['English'],Teamfight Tactics,513143,73703
281,kannachan524,zh,"['中文', '日本語']",VALORANT,516575,20698
282,jungtaejune,ko,['한국어'],Just Chatting,509658,18978
283,kimdoe,ko,['한국어'],Just Chatting,509658,34506
284,jukes,pt,"['Português', 'Jukera']",Virtual Casino,29452,66906
285,karljacobs,en,['English'],ROBLOX,23020,145720
286,kss7749,ko,['한국어'],Just Chatting,509658,27344
287,keanelol,en,['English'],Teamfight Tactics,513143,17905
288,kanetv8,ko,['한국어'],Just Chatting,509658,28609
289,karchez,es,"['Karchez', 'Kar', 'Español', 'Drops']",Just Chatting,509658,49170
290,kato_junichi0817,ja,"['加藤純一', '雑談', '雑談歓迎', '雑談〇', '雑談大好き', '日本語', 'MURASHGAMING', 'MRGWIN']",VALORANT,516575,232446
291,just_lina,en,"['Musician', 'English', 'anime', 'Russian', 'game']",Music,26936,2654
292,kumikomii,ko,['한국어'],Just Chatting,509658,26958
293,knightmar3frame,en,"['frame', 'helping', 'playingwithviewers', 'READ', 'NoBackseating', 'knightmareframe', 'English', 'braincellsrequired']",The First Descendant,2104758320,4809
294,koil,en,['English'],Grand Theft Auto V,32982,54032
295,knekro,es,"['Español', 'Knekrer', 'variety', 'Elmejor', 'CHALLENGER', 'Rarete']",Black Myth: Wukong,519291,84882
296,komanche,es,"['komanche', 'Español']",Just Chatting,509658,23059
297,koreshzy,ru,['Русский'],Just Chatting,509658,20124
298,kennybeats,en,"['MusicTalk', 'MusicProduction', 'makingbeatslive', 'makingabeat', 'RAP', 'Hiphopinstrumentals', 'RNB', 'drum', 'Guitar', 'English']",Music,26936,7962
299,kangqui,ko,['한국어'],Just Chatting,509658,7084
300,katoo,de,"['Deutsch', 'German', 'Fortnite']",Fortnite,33214,12950
301,just_ns,ru,['Русский'],Dota 2,29595,32569
302,k13tv,pt,"['Esports', 'Español', 'Competitive', 'Ranked', 'Coach', 'Competitivo', 'gamer', 'Português', 'English', 'music']",Dota 2,29595,7491
303,kuiki771,ko,"['한국어', '훈수금지', '까까', '꾸꾸', '께끼', '귀귀', '귁기', '귁히', '끼끼', '꺼꺼']",Project Zomboid,31339,18469
304,keznit1,es,['Español'],VALORANT,516575,28618
305,luidematos,pt,['Português'],Just Chatting,509658,17299
306,lol_madlife,ko,['한국어'],League of Legends,21779,7608
307,lol_woolf,ko,['한국어'],Minecraft,27471,15545
308,lolpacifictw,zh,"['英雄聯盟', '中文', 'leagueoflegends', 'Esports']",League of Legends,21779,7250
309,littleragergirl,es,['Español'],Sekiro: Shadows Die Twice,506415,43996
310,lol_nemesis,en,['English'],League of Legends,21779,116161
311,lovelyyeon,ko,"['스포일러금지', '코크다고놀리기금지', '오늘전적검색금지', '한국어']",Don't Starve Together,488634,19250
312,kyo1984123,zh,['中文'],Just Chatting,509658,24591
313,lol_ambition,ko,"['한국어', '챌린저', '정글러', 'Challenger', 'jungler', '몬스터에너지', '젠지']",League of Legends,21779,36050
314,longwu1216,zh,"['唱歌', '中文', '廚神', '瀰漫性中至重度脂肪肝']",Monster Hunter: World,497467,4440
315,loud_babi,pt,['Português'],Just Chatting,509658,16167
316,m4fgaming,fr,['Français'],Total War: WARHAMMER III,1913410799,10435
317,lestream,fr,['Français'],Just Chatting,509658,71728
318,looksam,ko,"['hearthstone', 'justchatting', 'leagueoflegends', 'lostark', '한국어']",Minecraft,27471,20260
319,liok0485,ko,"['순당무', '한국어', '정글', '원딜', '미드', '서폿', '일본서버', '일본어', '日本語']",League of Legends,21779,10083
320,loltyler1,en,['English'],League of Legends,21779,372654
321,lilsimsie,en,"['SheHer', 'English', 'FamilyFriendly', 'ClosedCaptions']",The Sims 4,369252,29179
322,loud_coringa,pt,"['Português', 'loudcoringa', 'LOUD']",Black Myth: Wukong,519291,238785
323,latesitoo,es,"['late', 'latesitoo', 'papudespierta', 'lacasadelosfamosos', 'onecoin', 'Treithaestuvoaqui', 'Español']",Just Chatting,509658,168
324,lelisdota,en,['English'],Dota 2,29595,11458
325,lyon3k,zh,"['雞塊渣男', '旗山國國王', '高金生', '中文', '色狗', '下飯操作', '台灣7TV推廣員', 'Rank1Bard', 'English']",Escape from Tarkov,491931,7889
326,linfufu,zh,"['台灣', '戶外', '搞笑', '美食', '寵物', '生活', '中文', 'irl', '唱歌']",Just Chatting,509658,14750
327,ljh0328,ko,['한국어'],Just Chatting,509658,9377
328,liminhag0d,pt,['Português'],Counter-Strike,32399,61430
329,loud_thurzin,pt,['Português'],Garena Free Fire,502732,59956
330,lilballzlolz,zh,['中文'],Path of Exile,29307,7070
331,lett,pt,"['tribo', 'csgo', 'lett', 'Português']",Counter-Strike,32399,54
332,lilypichu,en,['English'],Street Fighter 6,55453844,106529
333,loopooyt,fr,['Français'],Slots,498566,15477
334,lol_cuvee,ko,['한국어'],League of Legends,21779,9053
335,loud_jordan,pt,['Português'],Garena Free Fire,502732,7530
336,m0xyy,en,"['English', 'throwing', 'Furry']",Apex Legends,511224,30464
337,ma_mwa,ko,['한국어'],Games + Demos,66082,11218
338,kyliebitkin,en,"['English', 'Roleplay', 'LGBTＱ', 'RP', 'GTARP', 'skibidi', 'Woman']",Grand Theft Auto V,32982,35783
339,leehunnyeo,ko,['한국어'],Just Chatting,509658,7558
340,lubatv,pt,"['Português', 'reacts', 'memes']",Just Chatting,509658,1754
341,leechunhyang,ko,['한국어'],Just Chatting,509658,19172
342,mayapie1,zh,"['點擊可新增標籤', '中文']",MapleStory,19976,5749
343,mimiluckying,zh,"['休閒娛樂', '技術台', '耍白癡', '尊重友善包容', '中文', '启用掉宝']",Dungeonborne,493716463,6326
344,momonkunn,es,"['infamesrp', 'viktorvolkov', 'gtaroleplay', 'fivem', 'VOLKACIO', 'Español', 'GTARP', 'fib', 'roleplay']",Grand Theft Auto V,32982,12671
345,magical,ru,magical,Casino Master 4.0,1673997777,13092
346,matsuri_hs,ja,['日本語'],Hearthstone,138585,7375
347,mistercop,ru,"['шизофрения', 'Фокусы', 'Социопатия', 'Русский']",Path of Exile,29307,7587
348,mistermv,fr,['Français'],Special Events,509663,90944
349,mlchoins,ko,['한국어'],Just Chatting,509658,9619
350,mokouliszt1,ja,['日本語'],Street Fighter 6,55453844,11498
351,magenta62,ko,"['한국어', '댄스', '댄스리액션']",Just Chatting,509658,18747
352,momo_sports,zh,['中文'],Sports,518203,23437
353,melharucos,ru,['Русский'],Just Chatting,509658,51327
354,mister903,ko,['한국어'],Art,509660,14440
355,moistcr1tikal,en,['English'],Fallout 4,489776,183916
356,majuuzinha,pt,['Português'],majuuzinha,majuuzinha,157
357,maxim,de,"['BesterSpieler', 'Maxim', 'Deutsch']",Black Myth: Wukong,519291,52815
358,masondota2,en,"['English', 'Animals', 'piggy', 'clowngirl']",Dota 2,29595,61015
359,mang0,en,"['badass', 'English', 'DropsEnabled']",Spectre Divide,1451084268,37595
360,metashi12,de,['Deutsch'],World of Warcraft,18122,49032
361,mailand,de,"['mailand', 'panzer', 'action', 'realtalk', 'Deutsch', 'DropsAktiviert']",World of Tanks,27546,17764
362,mitdamm,th,"['ไทย', 'ภาษาไทย']",Grand Theft Auto V,32982,6358
363,mobilmobil,zh,['中文'],TEKKEN 8,538054672,38029
364,midbeast,en,"['leagueoflegends', 'English', 'LyingEncouraged', 'Manipulator', 'Anime', 'Australia', 'dinosaurs', 'Affectionate', 'Golf', 'trapezoid']",League of Legends,21779,131160
365,methodz,en,"['cdl', 'cod', 'OpTic', 'methodz', 'mlb', 'ncaa', 'college', 'football', 'English']",VALORANT,516575,16393
366,mehdideluxe,de,"['gaming', 'VALORANＴ', 'GrandTheftAutoV', 'RP', 'justchattıng', 'Deutsch', 'minecraft', 'eafc24', 'Karrieremodus']",Black Myth: Wukong,519291,49008
367,melina,en,['English'],Just Chatting,509658,54589
368,mery_soldier,es,"['Español', 'Variety', 'playingwithhviewers']",World of Warcraft,18122,11592
369,miniminter,en,['English'],Just Chatting,509658,28986
370,mistafaker,ru,['Русский'],Casino Simulator,1506110656,13208
371,mr_wuco,zh,['中文'],Hearthstone,138585,14896
372,mujs_,tr,"['Türkçe', 'Muj', 'deLy', 'VALORANT']",VALORANT,516575,33208
373,nahzinhaa,pt,"['react', 'csgo', 'Português', 'fps', 'justcchatting', 'calldofduty']",Just Chatting,509658,24538
374,muse_tw,zh,"['中文', '動畫', '木棉花', '馬拉松']",Just Chatting,509658,19001
375,nein1203,zh,"['中文', '启用掉宝']",Zenless Zone Zero,456845141,10109
376,newbz,en,['English'],Call of Duty: Warzone,512710,9131
377,nodolly,ko,['한국어'],Minecraft,27471,24853
378,nanayango3o,ko,"['우주대스타', '한국어']",Just Chatting,509658,23164
379,naseongkim,ko,['한국어'],Just Chatting,509658,24826
380,nanajam777,ko,"['우정잉', '우엉징', '야랄', '누룽지', '한국어']",Just Chatting,509658,12768
381,nerdstreet,en,"['esports', 'Tournament', 'English']",Super Smash Bros. Ultimate,504461,2144
382,nemo_good,ja,['日本語'],Street Fighter 6,55453844,6715
383,nniru,ja,['日本語'],Apex Legends,511224,30453
384,noahreyli,de,['Deutsch'],Fortnite,33214,50962
385,natalan,es,"['Guatemala', 'México', 'Español']",Just Chatting,509658,31352
386,mount,pt,['Português'],Just Chatting,509658,41607
387,neimki,en,['English'],Just Chatting,509658,15214
388,mrstiventc,es,['Español'],Just Chatting,509658,33167
389,nbcolympics,en,nbcolympics,Sports,518203,26
390,msmsms213,ko,['한국어'],Just Chatting,509658,14063
391,muangfang,th,"['thai', 'thailand', 'ภาษาไทย']",Grand Theft Auto V,32982,5212
392,mortenroyale,de,['Deutsch'],Clash Royale,491168,28976
393,moogrr1211,ko,['한국어'],World of Warcraft,18122,8647
394,nuuhfps,pt,"['Português', 'VALORANT', 'humor']",Slots,498566,11018
395,otplol_,fr,"['Esport', 'Français']",League of Legends,21779,188378
396,parkseorim,ko,"['한국어', '로스트아크', '버서커', '종합게임', '검은사막', '박서림']",Lost Ark,490100,3795
397,nokduro,ko,['한국어'],Just Chatting,509658,57574
398,pakusyo,ko,"['한국어', 'icecrown', 'citadel', 'ptr', 'lck', 'icc', 'lichking', 'Classic']",World of Warcraft,18122,4060
399,ogmeik,es,"['Roleplay', 'RP', 'Tarkov', 'Leagueofleagends', 'Español', 'mk', 'pokemon']",Escape from Tarkov,491931,3971
400,paulanobre,pt,"['Mulher', 'Português', 'fps', 'justchattıng', 'Inglês']",Just Chatting,509658,29023
401,nowayzao,pt,['Português'],Counter-Strike,32399,9095
402,nukomaro2020,ja,['日本語'],"Animals, Aquariums, and Zoos",272263131,5632
403,orslok,es,['Español'],ELDEN RING,512953,731
404,nugiyen,en,"['English', 'Sarcastic']",Special Events,509663,21070
405,oestagiario,pt,"['Português', 'Esportes', 'Futebol']",Just Chatting,509658,54063
406,olyashaa,ru,"['некрасивыеженщины', 'низкоинтеллектуальность', 'отсутствиеталантов', 'зашквар', 'кринж', 'рандомнаятелка', 'старость', 'викакартерсекссимвол', 'Русский', 'ruSprint']",Just Chatting,509658,27875
407,ookina,pt,['Português'],Virtual Casino,29452,9599
408,ops1x,en,['English'],Fortnite,33214,68961
409,orangemorange,de,['Deutsch'],Just Chatting,509658,29809
410,paka9999,ko,['한국어'],League of Legends,21779,70294
411,paradeev1ch,ru,['Русский'],Just Chatting,509658,11677
412,okyyy,es,['Español'],Just Chatting,509658,13059
413,ovotz,pt,"['Português', 'Dedé', 'GTARP', 'CPX', 'GTA', 'fivem', 'Ruinxos']",Grand Theft Auto V,32982,88
414,pathofexile,en,"['PathofExile', 'race', 'Esports', 'event', 'English', 'DropsEnabled']",Path of Exile,29307,361
415,nyanners,en,"['vtuber', 'HouseArrest', 'PSYCHOLOGICAL', 'English', 'Gayfriendly', 'Anime', 'ENVtuber', 'furrysafespace', 'Mongolia', 'DROPS']",Just Chatting,509658,57260
416,obm1025,ko,['한국어'],Just Chatting,509658,57861
417,pathofexilebota,ru,['Русский'],Path of Exile,29307,12716
418,orkpod,ru,['Русский'],Heroes of the Storm,32959,13896
419,pgod,es,"['Español', 'English', 'valorant', 'onichan']",VALORANT,516575,42809
420,pacific8815,ko,"['justchatting', '한국어']",Just Chatting,509658,48018
421,oyunfatiihi,tr,"['Roleplay', 'Türkçe', 'fivem', 'oyun', 'oyunfatihi', 'güncel', 'fps', 'türkçefps', 'dropaktif', 'XDEFIANT']",Grand Theft Auto V,32982,12740
422,oniyadayo,ja,['日本語'],Just Chatting,509658,18239
423,notmes,en,['English'],World of Warcraft,18122,18432
424,nwslofficial,en,['English'],Sports,518203,3755
425,pulgaboy,pt,"['Fortnite', 'Português']",Fortnite,33214,36038
426,pijack11,pt,"['Toplane', 'Português']",Call of Dragons,561028012,36531
427,ploo,en,"['fps', 'English']",VALORANT,516575,44917
428,polsatgames,pl,"['Polski', 'LOL', 'ERL', 'leagueoflegends', 'Lolesports', 'Turniej', 'Esports', 'Esport', 'EMEA', 'emeamasters']",League of Legends,21779,18658
429,qttsix,zh,['中文'],Black Myth: Wukong,519291,26130
430,purple_hs,en,purple_hs,Hearthstone,138585,13499
431,qq7925168,zh,"['中文', '爐石有救', '爐石再戰一年']",Black Myth: Wukong,519291,21832
432,pisicela,pl,"['odgrywanieroli', 'Polski', 'GTAⅤ']",Grand Theft Auto V,32982,48732
433,pikra10,ko,['한국어'],Just Chatting,509658,21090
434,pjs9073,ko,"['드롭활성화됨', '한국어']",Just Chatting,509658,59377
435,pizfn,it,"['Italiano', 'Fortnite', 'PIZ']",Grand Theft Auto V,32982,46293
436,pokelawls,en,"['frog', 'gigi', 'Depression', 'Water', 'English']",Voices of the Void,1330093788,79366
437,pusa6019,ko,"['한국어', '종합게임스트리머', '종겜스']",pusa6019,pusa6019,7041
438,pimpimenta,pt,"['Selva', 'jungler', 'shaco', 'Português', 'English', 'NA', 'SoloQ', 'Challenger', 'jungle', 'narigudo']",Just Chatting,509658,25583
439,projektmelody,en,"['VShojo', 'Vtuber', 'Anime', 'English', 'Melody', 'Chatty', 'AdultsOnly', 'subathon', 'handcam', 'warhammerpainting']",Just Chatting,509658,26239
440,reitathefps,ja,['日本語'],VALORANT,516575,8556
441,qq102qq,ko,['한국어'],PUBG Mobile,505884,14369
442,raderaderader,ja,raderaderader,Apex Legends,511224,41145
443,rainblue37,ko,"['김블루', '배틀그라운드', 'PUBG', 'FPS', '한국', '한국어']",Just Chatting,509658,5368
444,portialyn,ko,['한국어'],Hearthstone,138585,32865
445,pqueen,tr,"['Türkçe', 'oyun']",Just Chatting,509658,61735
446,qlnek,pl,['Polski'],Fortnite,33214,12677
447,pokimane,en,"['English', 'cutiepatootie', 'PositiveMentalAttitude', 'ToxicStreamer', 'BADDIEGAMER', 'fps', 'Competitive']",Just Chatting,509658,196908
448,pronoobicx,ru,"['Русский', 'ммр', 'mmrdota2', 'розыгрыш', 'dota2']",World of Warcraft,18122,9057
449,ranboobutnot,en,['English'],The Battle Cats,490857,38196
450,q158688920,zh,"['中文', 'SLG', 'gamer']",Just Chatting,509658,12969
451,savyultras90,it,"['savyultras', 'warzone', 'wsow', 'italiandemons', 'challenge', 'Italiano', 'English']",Call of Duty: Warzone,512710,28306
452,rhffkddl96,ko,['한국어'],Just Chatting,509658,7985
453,runthefutmarket,en,"['English', 'sports', 'soccer', 'Football']",EA Sports FC 24,143106037,60191
454,sal_gu,ko,['한국어'],Just Chatting,509658,34024
455,s1032204,ko,"['삐부', '픽셀네트워크', '힐링캠프', '세라프', '한국어', '도넛단']",Just Chatting,509658,20874
456,rkdwl12,ko,['한국어'],Just Chatting,509658,18600
457,rlgus1006,ko,"['롤', '챌린저', '한국어', '日本語']",Just Chatting,509658,13029
458,roieee,zh,"['ALGS', '中文', '頂獵', 'pro']",Apex Legends,511224,23558
459,resttpowered,sk,"['Slovenčina', 'restt', 'Autism', 'ROGALO', 'Sadge', 'YOKEL']",Diablo IV,515024,29027
460,rewinside,de,['Deutsch'],Just Chatting,509658,33488
461,rkdthdus930,ko,['한국어'],League of Legends,21779,22662
462,relaxing234,zh,['中文'],League of Legends,21779,72938
463,rngudwnswkd,ko,"['공포', '스피드런', '공략', '비디오게임', '발로란트', '공포게임', 'SPEEDRUN', 'LOL', '한국어']",Poppy Playtime,2058220722,10826
464,s1mple,en,"['english', 'English']",Counter-Strike,32399,110872
465,rigoncs,en,"['English', 'Rerun']",Counter-Strike,32399,2465
466,sacy,pt,"['Carecas', 'Português']",VALORANT,516575,52949
467,robcdee,en,"['Tokyo', 'Japan', 'Outdoors', 'Cycling', 'Exploration', 'Travel', 'Anime', 'Speedeating', 'English', 'Gout']",Just Chatting,509658,35714
468,robinsongz,en,"['young', 'actuallyold', 'English']",Teamfight Tactics,513143,26816
469,saddummy,ko,"['한국어', '서새봄', '은돌이', 'korean']",Overwatch 2,515025,76793
470,sashagrey,en,"['English', 'MOTIVATION', 'ELDENRING']",ELDEN RING,512953,42711
471,rhobalas_lol,fr,"['VelKoz', 'Français', 'Éducatif', 'Midlane', 'Poulpe', 'Fin', 'Frérot', 'Sad']",Pokémon GO,490655,37755
472,sah_yang,ko,['한국어'],sah_yang,sah_yang,15676
473,rickyedit,es,"['rickyedit', 'Español']",rickyedit,rickyedit,20754
474,richwcampbell,en,"['OTK', 'LEECH', 'Asmongold', 'Mia', 'Bald', 'finalfantasy', 'wow', 'attractive', 'Cyr', 'English']",World of Warcraft,18122,87578
475,rooftopcat99,ko,"['한국어', '일본어', '영어', '게임', '게임방송', '남캠', '캠방']",Just Chatting,509658,37513
476,remsua,pl,"['Polski', 'remsua', 'cyrk', 'ryby', 'hehe', 'pieczonki']",remsua,remsua,57914
477,sasatikk,ja,"['ネタバレなし', 'アドバイスなし', '日本語']",Escape from Tarkov,491931,31791
478,revolta,pt,"['Português', 'revolta', 'thenextmove', 'jungle']",Black Myth: Wukong,519291,41183
479,rootthegamer,tr,"['root', 'rootthegamer', 'watchparty', 'caster', 'espor', 'valorant', 'küfürsüz', 'Türkçe', 'Veteran', 'CS2']",Counter-Strike,32399,7493
480,rudbeckia7,ko,['한국어'],Just Chatting,509658,17477
481,runner0608,ko,['한국어'],Just Chatting,509658,40526
482,roflgator,en,"['English', 'furry', 'vtuber', 'DisabledGamer']",League of Legends,21779,33798
483,ryux,es,['Español'],Slots,498566,21662
484,sn400ja,ko,"['한국어', '마재']",League of Legends,21779,11139
485,scoped,en,"['English', 'Controller']",Fortnite,33214,37101
486,shadowkekw,ru,"['Русский', 'csgo', 'English', 'Tiktok', 'мемы', 'дубай', 'москва', 'контент', 'шоу', 'лучший']",Just Chatting,509658,17431
487,sidoka_ns,pt,['Português'],Virtual Casino,29452,4594
488,sinatraa,en,['English'],VALORANT,516575,163716
489,slrabbit99,zh,"['中文', '重播']",slrabbit99,slrabbit99,11192
490,shinimon,pt,"['Português', 'Fullclear', 'Intelectual', 'Lillia']",League of Legends,21779,15055
491,sixwong,zh,"['巨魔', '6tan', '反應越來越慢了', 'EnglishOK', '中文']",Black Myth: Wukong,519291,20130
492,silphtv,ko,['한국어'],Just Chatting,509658,14674
493,sips_,en,"['dad', 'falconry', 'mapmaking', 'bronzesmith', 'esportsready', 'sensei', 'young', 'English']",Construction Simulator,814559054,43862
494,scumtk,en,"['Comedy', 'Anime', 'ａｎｉｍｅ', 'justchatting', 'Black', 'sports', '18plus', 'English']",Just Chatting,509658,11870
495,slop3,sv,['Svenska'],Just Chatting,509658,7894
496,scump,en,['English'],Call of Duty: Modern Warfare III,1337444628,95952
497,skill4ltu,en,"['English', 'Lithuanian', 'drops', 'Drop', 'DropsActive', 'DropsEnabled']",World of Tanks,27546,24441
498,ses836,ko,['한국어'],Just Chatting,509658,28224
499,shuteye_orange,zh,['中文'],Black Myth: Wukong,519291,24549
500,snoodyboo,es,['Español'],Teamfight Tactics,513143,13552
501,selis13,es,"['Español', 'Anime', 'JujutsuKaisen', 'Jujutsu']",VALORANT,516575,10515
502,sleepy,en,"['e', 'catboy', 'English', 'DropsEnabled']",PAYDAY 3,2113043143,32221
503,shroud,en,['English'],Black Myth: Wukong,519291,958140
504,shofu,en,['English'],Just Chatting,509658,4742
505,shtan_udachi,ru,shtan_udachi,Hearthstone,138585,18033
506,skswhdkgo1,ko,['한국어'],MapleStory,19976,9042
507,sees360,ko,['한국어'],Just Chatting,509658,5848
508,shenryyr,en,"['furry', 'oregon', 'serval', 'meow', 'coffee', 'derp', 'lgbtqiaplus', 'English', 'NoBackseatingUnlessAsked']",Gear City,461510,9765
509,sirolopez56,es,"['realmadrid', 'español', 'barcelona', 'atleti', 'deporte', 'charladeporte', 'mbappe', 'fútbol', 'JJOO', 'Español']",Sports,518203,16011
510,sizer0346,ko,['한국어'],Football Manager 2024,2091165871,6757
511,singsing,en,"['NoBackseating', 'English']",Black Myth: Wukong,519291,39888
512,sneakylol,en,['English'],Escape from Tarkov,491931,106626
513,shayvictorioo,pt,['Português'],Just Chatting,509658,41363
514,so_urf,ko,['한국어'],Escape from Tarkov,491931,13961
515,syaruru3,ja,"['日本語', 'ガチャハラス禁止']",Escape from Tarkov,491931,12849
516,steelohs,ko,steelohs,MapleStory Worlds,1804231074,7482
517,stero2d,ko,"['스테', '한국어', '핵앤슬래시', 'ARPG', '스테TV', '스테로이드', 'POE', '디아블로']",Torchlight: Infinite,890558948,4198
518,sweetcampercs,zh,"['中文', '靈魂歌手', '帥臉', '最有禮貌', '勤奮主播', '一句不離三個國罵']",Path of Exile,29307,39186
519,tanukininja,ja,"['日本語', 'アライグマ', '忍者', 'LoL', 'アナグマ', 'たぬき', 'ハクビシン']",Teamfight Tactics,513143,9613
520,sodapoppin,en,"['Anime', 'Vtuber', 'Furry', 'English', 'ADHD', 'NoBackseating', 'Hardcore']",Warcraft III,12924,284409
521,spoonkid,en,['English'],Counter-Strike,32399,34810
522,stevewillsendit,en,"['English', 'overwhatch2', 'Overawatch']",stevewillsendit,stevewillsendit,22825
523,snow_hite,ko,"['설백이얌', '픽셀네트워크', '한국어']",snow_hite,snow_hite,14757
524,snuffy,en,"['vtuber', 'cope', 'seethe', 'mald', 'English']",Just Chatting,509658,27168
525,stylishnoob4,ja,"['日本語', '感謝します']",Escape from Tarkov,491931,212713
526,sunbaking,ko,['한국어'],Just Chatting,509658,379
527,takeshi,pt,['Português'],League of Legends,21779,15179
528,takesipon,zh,['中文'],Dead by Daylight,491487,30605
529,stormen,en,['English'],Apex Legends,511224,53102
530,sujagg,es,"['caster', 'fortnite', 'top', 'pro', 'torneo', 'Español', 'customs', 'drops', 'SujaGG', 'KOI']",Fortnite,33214,75112
531,surrenderhs,ko,['한국어'],Hearthstone,138585,7244
532,spoopykitt,en,"['Woman', 'flowarts', 'English', 'justchatting', 'Cosplay', 'dance', 'bikini']",Just Chatting,509658,21121
533,superjj102,en,"['English', 'KEKW', 'BBoomer', 'Battlegrounds', 'OnlyBans', 'OccasionalSwearing']",Hearthstone,138585,32712
534,supertf,en,"['FleshTuber', 'English']",Black Myth: Wukong,519291,35444
535,sylveey,en,"['English', 'Cozy', 'IRL', 'OutdoorIRL', 'outside']",Fields of Mistria,1846293708,3226
536,surugamonkey0113,ja,"['日本語', '早口', '競馬', 'yoru']",Winning Post 10 2024,1409695616,17733
537,sooflower,ko,"['한국어', '코스프레', 'infp', 'kpop', '수련수련', '한국서버', '댄스', '힙스터', '기타']",Just Chatting,509658,28605
538,sonycast_,ko,"['한국어', '공포게임']",Just Chatting,509658,25765
539,summit1g,en,['English'],Grand Theft Auto V,32982,320574
540,sweetdreams,en,"['GoingInsane', 'Help', 'English']",Apex Legends,511224,51956
541,swimstrim,en,swimstrim,Just Chatting,509658,11670
542,starsmitten,en,"['waaa', 'English', 'sponsored', 'drops', 'DropsEnabled']",Pokémon Trading Card Game,9618,38335
543,suetam1v4,pt,"['Português', 'Humor', 'Brasil', 'Brazil', 'Portugal']",Just Chatting,509658,48890
544,teknoyd,it,"['italiano', 'openeworld', 'Avventure', 'giocodiruolo', 'Roleaplay', 'Italiano', 'RP']",Grand Theft Auto V,32982,11989
545,toeiii,th,"['ไทย', 'ภาษาไทย']",Dota 2,29595,7303
546,tommyinnitalt,en,['English'],Just Chatting,509658,623
547,tarik,en,['English'],VALORANT,516575,116636
548,tarzaned,en,['English'],League of Legends,21779,32410
549,tteuw,pt,['Português'],VALORANT,516575,19630
550,tmxk319,ko,['한국어'],Minecraft,27471,72735
551,team_spiritzero,ko,"['한국어', '토너먼트', 'Tournament', 'FGC', 'CCX', '캡콤컵']",Street Fighter 6,55453844,3549
552,tetristhegrandmaster3,zh,['中文'],DARK SOULS II: Scholar of the First Sin,489170,3180
553,tranth,ko,"['한국어', '고양이', 'DJ']",Finding Anastasia,203773838,12532
554,tuonto,en,"['tuonto', 'interlockingtoes', 'anime', 'Depression', 'Unholy', 'notkidfriendly', 'Vietnamese', 'Strinova', 'English', 'Pen15Club']",osu!,21465,43872
555,torona1,ko,['한국어'],Just Chatting,509658,18442
556,taxi2g,en,"['TRASH', 'SchizoMode', 'LoudisFunny', 'ToxicStream', 'GAMINGGOLEMJUICERMEGAMAN', 'aimbotting', 'AimAssistOff', 'passion', 'apexlegends', 'Vtuber']",Apex Legends,511224,63233
557,tommyinnit,en,['English'],Just Chatting,509658,71049
558,valorant_jpn,ja,"['Esports', 'VALORANT', '日本語']",VALORANT,516575,92279
559,wayne75525,zh,wayne75525,Just Chatting,509658,19576
560,wkgml,ko,"['장미', '한국어']",wkgml,wkgml,31608
561,woowakgood,ko,['한국어'],Just Chatting,509658,52202
562,wagnificent,en,"['warzone', 'br', 'English', 'NUKES', 'mw3', 'BattleRoyaleMode']",Call of Duty: Warzone,512710,21993
563,vysotzky,pl,"['MOBA', 'LOL', 'XI', 'Polski']",League of Legends,21779,48487
564,velox,it,"['warzone', 'callofduty', 'ita', 'velox', 'Italiano']",Grand Theft Auto V,32982,29981
565,wingz,es,['Español'],Slots,498566,5769
566,wintergaming,en,"['Chill', 'Salt', 'Drama', 'NoNerds', 'Sellout', 'AngryCoach', 'English']",StarCraft II,490422,17026
567,willneff,en,['English'],Pokémon Scarlet/Violet,670867987,26819
568,wudijo,en,"['diablo', 'D4', 'ARPG', 'PoE', 'educational', 'competitive', 'Diablo4', 'Diablo3', 'English', 'LastEpoch']",Diablo IV,515024,7457
569,valorant_la,es,"['Español', 'valorant', 'Esports', 'shooters', 'Valo', 'valorant']",VALORANT,516575,25288
570,vinnie,en,['English'],League of Legends,21779,20292
571,unsympathisch_tv,de,['Deutsch'],Just Chatting,509658,47611
572,valorant_kr,ko,"['e스포츠', '발로란트', 'VCT', '한국어', '챔피언스', 'valorant', '체인저스', 'changers']",VALORANT,516575,17493
573,unicornio,es,"['Español', 'IRL', 'Charlas', 'Reacciónes', 'Variedad']",Just Chatting,509658,47907
574,woohankyung,ko,['한국어'],Just Chatting,509658,26391
575,wtf_winds123,zh,"['中文', '帥臉', '勤奮主播', '技術路線', '手遊', '超級幸運']",Black Myth: Wukong,519291,31478
576,waitou1117,zh,['中文'],Grand Theft Auto V,32982,6060
577,venruki,en,['English'],World of Warcraft,18122,19452
578,uzra,zh,['中文'],Black Myth: Wukong,519291,31895
579,vanotica_,th,"['ไทย', 'DooWhite', 'ภาษาไทย', 'AttackAllAround', 'WhatCity']",Grand Theft Auto V,32982,9076
580,viperdemon,th,"['valorant', 'viperdemon', 'z11', 'ไทย', 'ภาษาไทย']",Teamfight Tactics,513143,21554
581,tyongeee,en,"['korean', 'kpop', 'Dance', 'Travel', 'irl', 'English', 'cute']",Just Chatting,509658,9326
582,witwix,en,"['EsotericGamingForGeniuses', 'MeLikeVideoGames', 'DrippingGrease', 'AlabamaHammaSlamma', 'English']",HITMAN World of Assassination,1780647523,9272
583,weathernewslive,ja,['日本語'],Talk Shows & Podcasts,417752,2814
584,xo_trixy,fr,"['gaming', 'humour', 'Français', 'multijoueur', 'dresstoimpress', 'mode', 'outfit', 'roblox', 'compétition']",Just Chatting,509658,5589
585,zzamtiger0310,ko,['한국어'],Just Chatting,509658,19246
586,ybicanoooobov,ru,"['Русский', 'высокийскилл']",Dota 2,29595,63940
587,yumyumyu77,ko,['한국어'],Just Chatting,509658,33834
588,znebtv,th,"['ไทย', 'ภาษาไทย']",Dead by Daylight,491487,4454
589,xargon0731,zh,"['中文', '六都最老選手']",Black Myth: Wukong,519291,40322
590,yamatonjp,ja,"['日本語', '広告なし']",Escape from Tarkov,491931,39357
591,yoowooyang,ko,"['한국어', '브이튜버']",Escape from Tarkov,491931,5341
592,yumytv,en,['English'],World of Warcraft,18122,8786
593,xhibaoger,zh,"['中文', '한국어']",Just Chatting,509658,35512
594,yapyap30,ko,"['한국어', 'just', 'justchatting', 'justchatting']",League of Legends,21779,49801
595,yourragegaming,en,['English'],Just Chatting,509658,64107
596,zoodasa,ko,['한국어'],Just Chatting,509658,14189
597,yayahuz,pt,"['Português', 'LOUD']",Just Chatting,509658,27822
598,yunzinseok,ko,"['한국어', '랜덤', '원코인', '룰렛', '日本語']",Just Chatting,509658,5364
599,zaayonyt,en,"['zaayonyt', 'English', 'IRL']",Just Chatting,509658,3036
600,zwebackhd,en,"['FIFA', 'SPORTS', 'SOCCER', 'English', 'FC']",EA Sports FC 24,143106037,16068
601,yd0821,ko,"['마인크래프트', '종합게임', '한국어']",Minecraft,27471,42202
602,yvonnie,en,['English'],League of Legends,21779,47504
603,zackrawrr,en,"['English', 'OTK', 'otknetwork', 'StarForgePCs', 'wow', 'bald', 'gaming', 'worldofwarcraft']",Black Myth: Wukong,519291,65738
604,zrush,zh,"['中文', '訂閱免廣告']",Black Myth: Wukong,519291,35041
605,yosoyricklive,es,"['español', 'clashroyale', 'yosoyrick', 'gaming', 'gamer', 'proplayer', 'CR', 'CLASH', 'Entretenimento', 'mexico']",Clash Royale,491168,16638
606,zondalol,zh,"['中文', '訂閱免廣告', 'Taiwan', '十二點開', '鯨區', '启用掉宝']",Overwatch 2,515025,7360
607,xkwhd,ko,['한국어'],VALORANT,516575,23492
608,yugyungwoo,ko,"['와우', 'worldofwarcraft', '월드오브워크래프트', '용군단', '한국어', 'doom', '드롭활성화됨']",World of Warcraft,18122,5208
609,zilioner,ko,"['한국어', '마인크래프트']",Just Chatting,509658,84874
610,xmerghani,pl,['Polski'],Just Chatting,509658,16839
611,xth0rek,pl,"['Polski', 'drops', 'NoPixelWL', 'NoPixel']",Just Chatting,509658,25753
612,zhiting_li,zh,zhiting_li,Just Chatting,509658,36676
613,yang,pt,"['Português', 'LeagueaofLegends', 'Toplaner', 'SoloQ']",League of Legends,21779,11653
614,zynxyz,zh,"['japanese', '中文']",Minecraft,27471,5238
615,yoshinama222,ja,"['日本語', '匂わせ禁止', 'ネタバレ禁止', 'ネタバレ注意']",Pawafuru Puro Yakyuu 2024-2025,1183847148,11925
616,yuniko0720,zh,['中文'],Minds Beneath Us,1569955542,16809
617,zombs,en,['English'],VALORANT,516575,27356
618,zunksoyyo,es,"['Español', 'Roleplay']",Just Chatting,509658,5439
